Angle Lake,U district
5:02 a.m.,5:53 a.m.
5:12 a.m.,6:03 a.m.
5:22 a.m.,6:13 a.m.
5:32 a.m.,6:23 a.m.
5:42 a.m.,6:33 a.m.
5:52 a.m.,6:43 a.m.
6:02 a.m.,6:53 a.m.
6:12 a.m.,7:03 a.m.
6:22 a.m.,7:13 a.m.
6:32 a.m.,7:23 a.m.
6:42 a.m.,7:33 a.m.
6:52 a.m.,7:43 a.m.
7:02 a.m.,7:53 a.m.
7:12 a.m.,8:03 a.m.
7:22 a.m.,8:13 a.m.
7:32 a.m.,8:23 a.m.
7:42 a.m.,8:33 a.m.
7:52 a.m.,8:43 a.m.
8:02 a.m.,8:53 a.m.
8:12 a.m.,9:03 a.m.
8:22 a.m.,9:13 a.m.
8:32 a.m.,9:23 a.m.
8:42 a.m.,9:33 a.m.
8:52 a.m.,9:43 a.m.
9:02 a.m.,9:53 a.m.
9:12 a.m.,10:03 a.m.
9:22 a.m.,10:13 a.m.
9:32 a.m.,10:23 a.m.
9:42 a.m.,10:33 a.m.
9:52 a.m.,10:43 a.m.
10:02 a.m.,10:53 a.m.
10:12 a.m.,11:03 a.m.
10:22 a.m.,11:13 a.m.
10:32 a.m.,11:23 a.m.
10:42 a.m.,11:33 a.m.
10:52 a.m.,11:43 a.m.
11:02 a.m.,11:53 a.m.
11:12 a.m.,12:03 p.m.
11:22 a.m.,12:13 p.m.
11:32 a.m.,12:23 p.m.
11:42 a.m.,12:33 p.m.
11:52 a.m.,12:43 p.m.
12:02 p.m.,12:53 p.m.
12:12 p.m.,1:03 p.m.
12:22 p.m.,1:13 p.m.
12:32 p.m.,1:23 p.m.
12:42 p.m.,1:33 p.m.
12:52 p.m.,1:43 p.m.
1:02 p.m.,1:53 p.m.
1:12 p.m.,2:03 p.m.
1:22 p.m.,2:13 p.m.
1:32 p.m.,2:23 p.m.
1:42 p.m.,2:33 p.m.
1:52 p.m.,2:43 p.m.
2:02 p.m.,2:53 p.m.
2:12 p.m.,3:03 p.m.
2:22 p.m.,3:13 p.m.
2:32 p.m.,3:23 p.m.
2:42 p.m.,3:33 p.m.
2:52 p.m.,3:43 p.m.
3:02 p.m.,3:53 p.m.
3:12 p.m.,4:03 p.m.
3:22 p.m.,4:13 p.m.
3:32 p.m.,4:23 p.m.
3:42 p.m.,4:33 p.m.
3:52 p.m.,4:43 p.m.
4:02 p.m.,4:53 p.m.
4:12 p.m.,5:03 p.m.
4:22 p.m.,5:13 p.m.
4:32 p.m.,5:23 p.m.
4:42 p.m.,5:33 p.m.
4:52 p.m.,5:43 p.m.
5:02 p.m.,5:53 p.m.
5:12 p.m.,6:03 p.m.
5:22 p.m.,6:13 p.m.
5:32 p.m.,6:23 p.m.
5:42 p.m.,6:33 p.m.
5:52 p.m.,6:43 p.m.
6:02 p.m.,6:53 p.m.
6:12 p.m.,7:03 p.m.
6:22 p.m.,7:13 p.m.
6:32 p.m.,7:23 p.m.
6:42 p.m.,7:33 p.m.
6:52 p.m.,7:43 p.m.
7:02 p.m.,7:53 p.m.
7:12 p.m.,8:03 p.m.
7:22 p.m.,8:13 p.m.
7:32 p.m.,8:23 p.m.
7:42 p.m.,8:33 p.m.
7:52 p.m.,8:43 p.m.
8:04 p.m.,8:55 p.m.
8:16 p.m.,9:07 p.m.
8:28 p.m.,9:19 p.m.
8:40 p.m.,9:31 p.m.
8:52 p.m.,9:43 p.m.
9:04 p.m.,9:55 p.m.
9:16 p.m.,10:07 p.m.
9:28 p.m.,10:19 p.m.
9:40 p.m.,10:31 p.m.
9:55 p.m.,10:46 p.m.
10:10 p.m.,11:01 p.m.
10:25 p.m.,11:16 p.m.
10:40 p.m.,11:31 p.m.
10:55 p.m.,11:46 p.m.
11:10 p.m.,12:01 a.m.
11:25 p.m.,12:16 a.m.
11:40 p.m.,12:31 a.m.
11:55 p.m.,12:46 a.m.
,
,
,
,